GPUtype,nGPUs,PowerConsumption[W],EnergyCost[€/kWh],PUE,cost
TURING,1,400,0.17168313,1.33,0.09133542516000001
TURING,2,470,0.17168313,1.33,0.109602510192
TESLA,1,530,0.17168313,1.33,0.12101943833699999
TESLA,2,700,0.17168313,1.33,0.15983699402999998
TESLA,3,870,0.17168313,1.33,0.198654549723
TESLA,4,1040,0.17168313,1.33,0.237472105416
